timestamp,type,execution_ms,success,command
2026-05-09 17:22:50,ALL,13,false,"all"
2026-05-09 17:23:09,INSERT,6,false,"insert,1,abdul,abdulqadir0210423@gmail.com"
2026-05-09 17:23:09,ALL,8,false,"all"
2026-05-09 17:28:02,ALL,3,false,"all"
2026-05-09 17:28:22,INSERT,7,false,"insert,2,Ali ,ali@gmail.com"
2026-05-09 17:28:23,ALL,10,false,"all"
2026-05-09 21:40:44,ALL,11,false,"all"
2026-05-09 21:41:12,INSERT,8,false,"insert,1,abdul,abdulqadir@gmail.com"
2026-05-09 21:41:13,ALL,11,false,"all"
2026-05-09 21:42:55,ALL,5,false,"all"
2026-05-09 21:43:26,INSERT,10,false,"insert,2,ali,ali@gmail.com"
2026-05-09 21:43:27,ALL,8,false,"all"
2026-05-09 21:45:09,ALL,3,false,"all"
2026-05-09 21:45:57,ALL,7,false,"all"
2026-05-09 21:46:08,INSERT,7,false,"insert,2,ali,abdulqadir0210423@gmail.com"
2026-05-09 21:46:09,ALL,8,false,"all"
2026-05-09 21:50:07,ALL,524,true,"all"
2026-05-09 21:50:20,INSERT,13,true,"insert,1,ali,ali@gmail.com"
2026-05-09 21:50:21,ALL,22,true,"all"
2026-05-12 21:40:40,ALL,15,true,"all"
2026-05-12 21:41:56,ALL,5,true,"all"
2026-05-12 21:43:53,ALL,7,true,"all"
2026-05-12 21:45:48,ALL,7,true,"all"
2026-07-23 08:46:39,ALL,16441,true,"all"
2026-07-24 06:29:02,ALL,10,false,"all"
2026-07-26 20:52:25,ALL,4,false,"all"
2026-07-26 20:52:40,INSERT,6,false,"insert,1,Abdul,abdul@test.com"
2026-07-26 20:52:40,INSERT,4,false,"insert,2,Ali,ali@test.com"
2026-07-26 20:52:40,INSERT,5,false,"insert,3,Sara,sara@test.com"
2026-07-26 20:53:35,ALL,9,false,"all"
2026-07-26 20:54:56,INSERT,3,false,"insert,1,Abdul,abdul@test.com"
2026-07-26 20:54:56,INSERT,2,false,"insert,2,Ali,ali@test.com"
2026-07-26 20:54:56,INSERT,3,false,"insert,3,Sara,sara@test.com"
2026-07-26 21:00:06,ALL,9,false,"all"
2026-07-26 21:00:07,ALL,16,false,"all"
2026-07-26 21:00:07,ALL,3,false,"all"
2026-07-26 21:00:07,ALL,13,false,"all"
2026-07-26 21:00:07,ALL,14,false,"all"
2026-07-26 21:00:57,ALL,8,false,"all"
2026-07-27 06:39:57,ALL,3,false,"all"
2026-07-27 06:40:11,ALL,6,false,"all"
2026-07-27 06:40:30,ALL,4,false,"all"
2026-07-27 06:41:37,ALL,9,false,"all"
2026-07-27 06:41:51,ALL,12,false,"all"
2026-07-27 06:42:58,INSERT,6,false,"insert,78286,92,6"
2026-07-27 06:42:58,INSERT,4,false,"insert,78287,51,46"
2026-07-27 06:42:58,INSERT,3,false,"insert,78288,230,"
2026-07-27 06:42:58,INSERT,3,false,"insert,78289,139,25"
2026-07-27 06:42:58,INSERT,3,false,"insert,78290,8,8"
2026-07-27 06:42:58,INSERT,3,false,"insert,78291,215,49"
2026-07-27 06:42:58,INSERT,3,false,"insert,78292,189,13"
2026-07-27 06:42:58,INSERT,3,false,"insert,78293,115,50"
2026-07-27 06:42:58,INSERT,3,false,"insert,78294,218,35"
2026-07-27 06:42:58,INSERT,3,false,"insert,78295,159,38"
2026-07-27 06:42:58,INSERT,3,false,"insert,78296,119,60"
2026-07-27 06:42:58,INSERT,2,false,"insert,78297,248,18"
2026-07-27 06:42:58,INSERT,3,false,"insert,78298,109,10"
2026-07-27 06:42:58,INSERT,2,false,"insert,78299,176,14"
2026-07-27 06:42:58,INSERT,2,false,"insert,78300,7,50"
2026-07-27 06:42:58,INSERT,2,false,"insert,78301,112,35"
2026-07-27 06:42:58,INSERT,3,false,"insert,78302,27,43"
2026-07-27 06:42:58,INSERT,3,false,"insert,78303,241,17"
2026-07-27 06:42:58,INSERT,2,false,"insert,78304,255,3"
2026-07-27 06:42:58,INSERT,3,false,"insert,78305,136,60"
2026-07-27 06:42:58,INSERT,2,false,"insert,78306,86,38"
2026-07-27 06:42:58,INSERT,2,false,"insert,78307,45,41"
2026-07-27 06:42:58,INSERT,3,false,"insert,78308,243,49"
2026-07-27 06:42:58,INSERT,2,false,"insert,78309,270,12"
2026-07-27 06:42:58,INSERT,3,false,"insert,78310,269,74"
2026-07-27 06:42:58,INSERT,3,false,"insert,78311,222,21"
2026-07-27 06:42:58,INSERT,3,false,"insert,78312,158,27"
2026-07-27 06:42:58,INSERT,3,false,"insert,78313,129,41"
2026-07-27 06:42:58,INSERT,3,false,"insert,78314,205,42"
2026-07-27 06:42:58,INSERT,2,false,"insert,78315,182,60"
2026-07-27 06:42:58,INSERT,2,false,"insert,78316,277,30"
2026-07-27 06:42:58,INSERT,2,false,"insert,78317,130,50"
2026-07-27 06:42:58,INSERT,2,false,"insert,78318,224,50"
2026-07-27 06:42:58,INSERT,3,false,"insert,78319,175,22"
2026-07-27 06:42:58,INSERT,2,false,"insert,78320,100,40"
2026-07-27 06:42:58,INSERT,3,false,"insert,78321,44,35"
2026-07-27 06:42:58,INSERT,3,false,"insert,78322,5,19"
2026-07-27 06:42:58,INSERT,2,false,"insert,78323,280,3"
2026-07-27 06:42:58,INSERT,3,false,"insert,78324,166,34"
2026-07-27 06:42:58,INSERT,2,false,"insert,78325,278,21"
2026-07-27 06:42:58,INSERT,3,false,"insert,78326,84,73"
2026-07-27 06:42:58,INSERT,2,false,"insert,78327,285,65"
2026-07-27 06:42:58,INSERT,2,false,"insert,78328,156,30"
2026-07-27 06:42:58,INSERT,3,false,"insert,78329,140,70"
2026-07-27 06:42:58,INSERT,2,false,"insert,78330,99,12"
2026-07-27 06:42:58,INSERT,2,false,"insert,78331,4,15"
2026-07-27 06:42:58,INSERT,3,false,"insert,78332,47,42"
2026-07-27 06:42:58,INSERT,2,false,"insert,78333,128,60"
2026-07-27 06:42:58,INSERT,3,false,"insert,78334,154,14"
2026-07-27 06:42:58,INSERT,2,false,"insert,78335,77,40"
2026-07-27 06:42:58,INSERT,2,false,"insert,78336,131,33"
2026-07-27 06:42:58,INSERT,3,false,"insert,78337,15,43"
2026-07-27 06:42:58,INSERT,2,false,"insert,78338,125,45"
2026-07-27 06:42:58,INSERT,2,false,"insert,78339,226,14"
2026-07-27 06:42:58,INSERT,2,false,"insert,78340,247,14"
2026-07-27 06:42:58,INSERT,1,false,"insert,78341,179,40"
2026-07-27 06:42:58,INSERT,2,false,"insert,78342,116,35"
2026-07-27 06:42:58,INSERT,2,false,"insert,78343,132,30"
2026-07-27 06:42:58,INSERT,3,false,"insert,78344,192,17"
2026-07-27 06:42:58,INSERT,2,false,"insert,78345,237,39"
2026-07-27 06:42:58,INSERT,3,false,"insert,78346,85,20"
2026-07-27 06:42:58,INSERT,2,false,"insert,78347,213,8"
2026-07-27 06:42:58,INSERT,2,false,"insert,78348,46,40"
2026-07-27 06:42:58,INSERT,2,false,"insert,78349,55,42"
2026-07-27 06:42:58,INSERT,1,false,"insert,78350,208,53"
2026-07-27 06:42:58,INSERT,2,false,"insert,78351,127,18"
2026-07-27 06:42:58,INSERT,2,false,"insert,78352,216,40"
2026-07-27 06:42:58,INSERT,3,false,"insert,78353,21,20"
2026-07-27 06:42:58,INSERT,2,false,"insert,78354,3,45"
2026-07-27 06:42:58,INSERT,3,false,"insert,78355,90,40"
2026-07-27 06:42:58,INSERT,2,false,"insert,78356,87,60"
2026-07-27 06:42:58,INSERT,2,false,"insert,78357,49,44"
2026-07-27 06:42:58,INSERT,2,false,"insert,78358,150,33"
2026-07-27 06:42:58,INSERT,3,false,"insert,78359,239,23"
2026-07-27 06:42:58,INSERT,2,false,"insert,78360,217,45"
2026-07-27 06:42:58,INSERT,2,false,"insert,78361,262,7"
2026-07-27 06:42:58,INSERT,2,false,"insert,78362,56,"
2026-07-27 06:42:58,INSERT,2,false,"insert,78363,240,35"
2026-07-27 06:42:58,INSERT,3,false,"insert,78364,164,36"
2026-07-27 06:42:58,INSERT,2,false,"insert,78365,58,42"
2026-07-27 06:42:58,INSERT,3,false,"insert,78366,52,35"
2026-07-27 06:42:58,INSERT,2,false,"insert,78367,193,25"
2026-07-27 06:42:58,INSERT,2,false,"insert,78368,111,30"
2026-07-27 06:42:58,INSERT,3,false,"insert,78369,265,30"
2026-07-27 06:42:58,INSERT,2,false,"insert,78370,225,28"
2026-07-27 06:42:58,INSERT,2,false,"insert,78371,121,14"
2026-07-27 06:42:58,INSERT,3,false,"insert,78372,91,20"
2026-07-27 06:42:58,INSERT,2,false,"insert,78373,122,60"
2026-07-27 06:42:58,INSERT,2,false,"insert,78374,250,67"
2026-07-27 06:42:58,INSERT,3,false,"insert,78375,229,35"
2026-07-27 06:42:58,INSERT,2,false,"insert,78376,11,50"
2026-07-27 06:42:58,INSERT,2,false,"insert,78377,134,4"
2026-07-27 06:42:58,INSERT,2,false,"insert,78378,48,28"
2026-07-27 06:42:58,INSERT,3,false,"insert,78379,251,38"
2026-07-27 06:42:58,INSERT,2,false,"insert,78380,57,30"
2026-07-27 06:42:58,INSERT,3,false,"insert,78381,194,26"
2026-07-27 06:42:58,INSERT,2,false,"insert,78382,54,37"
2026-07-27 06:42:58,INSERT,3,false,"insert,78383,104,30"
2026-07-27 06:42:58,INSERT,2,false,"insert,78384,195,3"
2026-07-27 06:42:58,INSERT,3,false,"insert,78385,279,56"
2026-07-27 06:42:58,INSERT,2,false,"insert,78386,201,32"
2026-07-27 06:42:58,INSERT,2,false,"insert,78387,81,35"
2026-07-27 06:42:58,INSERT,2,false,"insert,78388,9,54"
2026-07-27 06:42:58,INSERT,3,false,"insert,78389,186,42"
2026-07-27 06:42:58,INSERT,2,false,"insert,78390,146,48"
2026-07-27 06:42:58,INSERT,2,false,"insert,78391,246,11"
2026-07-27 06:42:58,INSERT,2,false,"insert,78392,31,1.8"
2026-07-27 06:42:58,INSERT,3,false,"insert,78393,72,63"
2026-07-27 06:42:58,INSERT,2,false,"insert,78394,6,55"
2026-07-27 06:42:58,INSERT,3,false,"insert,78395,200,20"
2026-07-27 06:42:58,INSERT,2,false,"insert,78396,282,62"
2026-07-27 06:42:58,INSERT,3,false,"insert,78397,25,62"
2026-07-27 06:42:58,INSERT,2,false,"insert,78398,2,42"
2026-07-27 06:42:58,INSERT,2,false,"insert,78399,39,65"
2026-07-27 06:42:58,INSERT,2,false,"insert,78400,32,29"
2026-07-27 06:42:58,INSERT,2,false,"insert,78401,40,20"
2026-07-27 06:42:58,INSERT,3,false,"insert,78402,59,33"
2026-07-27 06:42:58,INSERT,2,false,"insert,78403,202,30"
2026-07-27 06:42:58,INSERT,3,false,"insert,78404,163,35"
2026-07-27 06:42:58,INSERT,2,false,"insert,78405,187,"
2026-07-27 06:42:58,INSERT,2,false,"insert,78406,254,50"
2026-07-27 06:42:58,INSERT,1,false,"insert,78407,143,16"
2026-07-27 06:42:58,INSERT,2,false,"insert,78408,260,3"
2026-07-27 06:42:58,INSERT,2,false,"insert,78409,41,22"
2026-07-27 06:42:58,INSERT,3,false,"insert,78410,61,7"
2026-07-27 06:42:58,INSERT,2,false,"insert,78411,244,50"
2026-07-27 06:42:58,INSERT,2,false,"insert,78412,60,17"
2026-07-27 06:42:58,INSERT,3,false,"insert,78413,65,40"
2026-07-27 06:42:58,INSERT,2,false,"insert,78414,173,21"
2026-07-27 06:42:58,INSERT,3,false,"insert,78415,137,9"
2026-07-27 06:42:58,INSERT,2,false,"insert,78416,69,27"
2026-07-27 06:42:58,INSERT,2,false,"insert,78417,106,52"
2026-07-27 06:42:58,INSERT,2,false,"insert,78418,66,50"
2026-07-27 06:42:58,INSERT,2,false,"insert,78419,101,25"
2026-07-27 06:42:58,INSERT,3,false,"insert,78420,283,10"
2026-07-27 06:42:58,INSERT,2,false,"insert,78421,89,30"
2026-07-27 06:42:58,INSERT,3,false,"insert,78422,124,32"
2026-07-27 06:42:58,INSERT,2,false,"insert,78423,17,38"
2026-07-27 06:42:58,INSERT,2,false,"insert,78424,33,30"
2026-07-27 06:42:58,INSERT,3,false,"insert,78425,198,50"
2026-07-27 06:42:58,INSERT,2,false,"insert,78426,170,26"
2026-07-27 06:42:58,INSERT,2,false,"insert,78427,274,35"
2026-07-27 06:42:58,INSERT,2,false,"insert,78428,20,3"
2026-07-27 06:42:58,INSERT,3,false,"insert,78429,210,50"
2026-07-27 06:42:58,INSERT,2,false,"insert,78430,151,60"
2026-07-27 06:42:58,INSERT,2,false,"insert,78431,133,40"
2026-07-27 06:42:58,INSERT,2,false,"insert,78432,261,34"
2026-07-27 06:42:58,INSERT,2,false,"insert,78433,97,4"
2026-07-27 06:42:58,INSERT,3,false,"insert,78434,161,42"
2026-07-27 06:42:58,INSERT,2,false,"insert,78435,36,"
2026-07-27 06:42:58,INSERT,2,false,"insert,78436,185,54"
2026-07-27 06:42:58,INSERT,2,false,"insert,78437,257,18"
2026-07-27 06:42:58,INSERT,2,false,"insert,78438,212,45"
2026-07-27 06:42:58,INSERT,2,false,"insert,78439,245,30"
2026-07-27 06:42:58,INSERT,3,false,"insert,78440,67,35"
2026-07-27 06:42:58,INSERT,2,false,"insert,78441,228,35"
2026-07-27 06:42:58,INSERT,2,false,"insert,78442,34,16"
2026-07-27 06:42:58,INSERT,2,false,"insert,78443,181,26"
2026-07-27 06:42:58,INSERT,2,false,"insert,78444,238,23"
2026-07-27 06:42:58,INSERT,3,false,"insert,78445,79,45"
2026-07-27 06:42:58,INSERT,2,false,"insert,78446,30,45"
2026-07-27 06:42:58,INSERT,2,false,"insert,78447,42,45"
2026-07-27 06:42:58,INSERT,2,false,"insert,78448,13,38"
2026-07-27 06:42:58,INSERT,3,false,"insert,78449,80,45"
2026-07-27 06:42:58,INSERT,2,false,"insert,78450,107,35"
2026-07-27 06:42:58,INSERT,2,false,"insert,78451,266,30"
2026-07-27 06:42:58,INSERT,1,false,"insert,78452,142,60"
2026-07-27 06:42:58,INSERT,2,false,"insert,78453,233,5"
2026-07-27 06:42:58,INSERT,2,false,"insert,78454,203,18"
2026-07-27 06:42:58,INSERT,3,false,"insert,78455,93,2"
2026-07-27 06:42:58,INSERT,2,false,"insert,78456,160,70"
2026-07-27 06:42:58,INSERT,2,false,"insert,78457,123,35"
2026-07-27 06:42:58,INSERT,2,false,"insert,78458,204,3"
2026-07-27 06:42:58,INSERT,2,false,"insert,78459,271,30"
2026-07-27 06:42:58,INSERT,2,false,"insert,78460,82,80"
2026-07-27 06:42:58,INSERT,3,false,"insert,78461,263,62"
2026-07-27 06:42:58,INSERT,2,false,"insert,78462,1,20"
2026-07-27 06:42:58,INSERT,2,false,"insert,78463,68,45"
2026-07-27 06:42:58,INSERT,3,false,"insert,78464,155,18"
2026-07-27 06:42:58,INSERT,2,false,"insert,78465,62,28"
2026-07-27 06:42:58,INSERT,2,false,"insert,78466,120,48"
2026-07-27 06:42:58,INSERT,2,false,"insert,78467,98,38"
2026-07-27 06:42:58,INSERT,4,false,"insert,78468,63,39"
2026-07-27 06:42:58,INSERT,3,false,"insert,78469,26,26"
2026-07-27 06:42:58,INSERT,2,false,"insert,78470,138,60"
2026-07-27 06:42:58,INSERT,2,false,"insert,78471,19,35"
2026-07-27 06:42:58,INSERT,2,false,"insert,78472,184,20"
2026-07-27 06:42:58,INSERT,2,false,"insert,78473,114,50"
2026-07-27 06:42:58,INSERT,2,false,"insert,78474,50,11"
2026-07-27 06:42:58,INSERT,2,false,"insert,78475,172,36"
2026-07-27 06:42:58,INSERT,2,false,"insert,78476,71,29"
2026-07-27 06:42:58,INSERT,1,false,"insert,78477,168,57"
2026-07-27 06:42:58,INSERT,3,false,"insert,78478,73,35"
2026-07-27 06:42:58,INSERT,2,false,"insert,78479,190,26"
2026-07-27 06:42:58,INSERT,1,false,"insert,78480,214,6"
2026-07-27 06:42:58,INSERT,2,false,"insert,78481,28,45"
2026-07-27 06:42:58,INSERT,2,false,"insert,78482,12,27"
2026-07-27 06:42:58,INSERT,2,false,"insert,78483,110,6"
2026-07-27 06:42:58,INSERT,2,false,"insert,78484,209,40"
2026-07-27 06:42:58,INSERT,3,false,"insert,78485,35,29"
2026-07-27 06:43:00,ALL,9,false,"all"
2026-07-27 06:43:01,ALL,12,false,"all"
2026-07-27 06:43:01,ALL,3,false,"all"
2026-07-27 06:43:02,ALL,15,false,"all"
2026-07-27 06:43:04,INSERT,8,false,"insert,84931,92,6"
2026-07-27 06:43:04,INSERT,7,false,"insert,84932,51,46"
2026-07-27 06:43:04,INSERT,7,false,"insert,84933,230,"
2026-07-27 06:43:04,INSERT,5,false,"insert,84934,139,25"
2026-07-27 06:43:04,INSERT,4,false,"insert,84935,8,8"
2026-07-27 06:43:04,INSERT,4,false,"insert,84936,215,49"
2026-07-27 06:43:04,INSERT,3,false,"insert,84937,189,13"
2026-07-27 06:43:04,INSERT,4,false,"insert,84938,115,50"
2026-07-27 06:43:04,INSERT,3,false,"insert,84939,218,35"
2026-07-27 06:43:04,INSERT,3,false,"insert,84940,159,38"
2026-07-27 06:43:04,INSERT,4,false,"insert,84941,119,60"
2026-07-27 06:43:04,INSERT,3,false,"insert,84942,248,18"
2026-07-27 06:43:04,INSERT,3,false,"insert,84943,109,10"
2026-07-27 06:43:04,INSERT,3,false,"insert,84944,176,14"
2026-07-27 06:43:04,INSERT,3,false,"insert,84945,7,50"
2026-07-27 06:43:05,INSERT,2,false,"insert,84946,112,35"
2026-07-27 06:43:05,INSERT,2,false,"insert,84947,27,43"
2026-07-27 06:43:05,INSERT,3,false,"insert,84948,241,17"
2026-07-27 06:43:05,INSERT,3,false,"insert,84949,255,3"
2026-07-27 06:43:05,INSERT,3,false,"insert,84950,136,60"
2026-07-27 06:43:05,INSERT,3,false,"insert,84951,86,38"
2026-07-27 06:43:05,INSERT,2,false,"insert,84952,45,41"
2026-07-27 06:43:05,INSERT,2,false,"insert,84953,243,49"
2026-07-27 06:43:05,INSERT,2,false,"insert,84954,270,12"
2026-07-27 06:43:05,INSERT,3,false,"insert,84955,269,74"
2026-07-27 06:43:05,INSERT,3,false,"insert,84956,222,21"
2026-07-27 06:43:05,INSERT,2,false,"insert,84957,158,27"
2026-07-27 06:43:05,INSERT,3,false,"insert,84958,129,41"
2026-07-27 06:43:05,INSERT,3,false,"insert,84959,205,42"
2026-07-27 06:43:05,INSERT,2,false,"insert,84960,182,60"
2026-07-27 06:43:05,INSERT,3,false,"insert,84961,277,30"
2026-07-27 06:43:05,INSERT,3,false,"insert,84962,130,50"
2026-07-27 06:43:05,INSERT,3,false,"insert,84963,224,50"
2026-07-27 06:43:05,INSERT,2,false,"insert,84964,175,22"
2026-07-27 06:43:05,INSERT,2,false,"insert,84965,100,40"
2026-07-27 06:43:05,INSERT,2,false,"insert,84966,44,35"
2026-07-27 06:43:05,INSERT,3,false,"insert,84967,5,19"
2026-07-27 06:43:05,INSERT,3,false,"insert,84968,280,3"
2026-07-27 06:43:05,INSERT,3,false,"insert,84969,166,34"
2026-07-27 06:43:05,INSERT,2,false,"insert,84970,278,21"
2026-07-27 06:43:05,INSERT,2,false,"insert,84971,84,73"
2026-07-27 06:43:05,INSERT,2,false,"insert,84972,285,65"
2026-07-27 06:43:05,INSERT,3,false,"insert,84973,156,30"
2026-07-27 06:43:05,INSERT,2,false,"insert,84974,140,70"
2026-07-27 06:43:05,INSERT,2,false,"insert,84975,99,12"
2026-07-27 06:43:05,INSERT,3,false,"insert,84976,4,15"
2026-07-27 06:43:05,INSERT,2,false,"insert,84977,47,42"
2026-07-27 06:43:05,INSERT,3,false,"insert,84978,128,60"
2026-07-27 06:43:05,INSERT,2,false,"insert,84979,154,14"
2026-07-27 06:43:05,INSERT,3,false,"insert,84980,77,40"
2026-07-27 06:43:05,INSERT,2,false,"insert,84981,131,33"
2026-07-27 06:43:05,INSERT,21,false,"insert,84982,15,43"
2026-07-27 06:43:05,INSERT,5,false,"insert,84983,125,45"
2026-07-27 06:43:05,INSERT,3,false,"insert,84984,226,14"
2026-07-27 06:43:05,INSERT,3,false,"insert,84985,247,14"
2026-07-27 06:43:05,INSERT,2,false,"insert,84986,179,40"
2026-07-27 06:43:05,INSERT,2,false,"insert,84987,116,35"
2026-07-27 06:43:05,INSERT,3,false,"insert,84988,132,30"
2026-07-27 06:43:05,INSERT,1,false,"insert,84989,192,17"
2026-07-27 06:43:05,INSERT,3,false,"insert,84990,237,39"
2026-07-27 06:43:05,INSERT,2,false,"insert,84991,85,20"
2026-07-27 06:43:05,INSERT,2,false,"insert,84992,213,8"
2026-07-27 06:43:05,INSERT,3,false,"insert,84993,46,40"
2026-07-27 06:43:05,INSERT,2,false,"insert,84994,55,42"
2026-07-27 06:43:05,INSERT,2,false,"insert,84995,208,53"
2026-07-27 06:43:05,INSERT,2,false,"insert,84996,127,18"
2026-07-27 06:43:05,INSERT,2,false,"insert,84997,216,40"
2026-07-27 06:43:05,INSERT,2,false,"insert,84998,21,20"
2026-07-27 06:43:05,INSERT,2,false,"insert,84999,3,45"
2026-07-27 06:43:05,INSERT,2,false,"insert,85000,90,40"
2026-07-27 06:43:05,INSERT,2,false,"insert,85001,87,60"
2026-07-27 06:43:05,INSERT,2,false,"insert,85002,49,44"
2026-07-27 06:43:05,INSERT,2,false,"insert,85003,150,33"
2026-07-27 06:43:05,INSERT,2,false,"insert,85004,239,23"
2026-07-27 06:43:05,INSERT,2,false,"insert,85005,217,45"
2026-07-27 06:43:05,INSERT,2,false,"insert,85006,262,7"
2026-07-27 06:43:05,INSERT,2,false,"insert,85007,56,"
2026-07-27 06:43:05,INSERT,3,false,"insert,85008,240,35"
2026-07-27 06:43:05,INSERT,2,false,"insert,85009,164,36"
2026-07-27 06:43:05,INSERT,2,false,"insert,85010,58,42"
2026-07-27 06:43:05,INSERT,2,false,"insert,85011,52,35"
2026-07-27 06:43:05,INSERT,2,false,"insert,85012,193,25"
2026-07-27 06:43:05,INSERT,2,false,"insert,85013,111,30"
2026-07-27 06:43:05,INSERT,2,false,"insert,85014,265,30"
2026-07-27 06:43:05,INSERT,2,false,"insert,85015,225,28"
2026-07-27 06:43:05,INSERT,2,false,"insert,85016,121,14"
2026-07-27 06:43:05,INSERT,2,false,"insert,85017,91,20"
2026-07-27 06:43:05,INSERT,2,false,"insert,85018,122,60"
2026-07-27 06:43:05,INSERT,2,false,"insert,85019,250,67"
2026-07-27 06:43:05,INSERT,2,false,"insert,85020,229,35"
2026-07-27 06:43:05,INSERT,2,false,"insert,85021,11,50"
2026-07-27 06:43:05,INSERT,2,false,"insert,85022,134,4"
2026-07-27 06:43:05,INSERT,2,false,"insert,85023,48,28"
2026-07-27 06:43:05,INSERT,2,false,"insert,85024,251,38"
2026-07-27 06:43:05,INSERT,2,false,"insert,85025,57,30"
2026-07-27 06:43:05,INSERT,2,false,"insert,85026,194,26"
2026-07-27 06:43:05,INSERT,2,false,"insert,85027,54,37"
2026-07-27 06:43:05,INSERT,2,false,"insert,85028,104,30"
2026-07-27 06:43:05,INSERT,2,false,"insert,85029,195,3"
2026-07-27 06:43:05,INSERT,2,false,"insert,85030,279,56"
2026-07-27 06:43:05,INSERT,2,false,"insert,85031,201,32"
2026-07-27 06:43:05,INSERT,2,false,"insert,85032,81,35"
2026-07-27 06:43:05,INSERT,2,false,"insert,85033,9,54"
2026-07-27 06:43:05,INSERT,2,false,"insert,85034,186,42"
2026-07-27 06:43:05,INSERT,2,false,"insert,85035,146,48"
2026-07-27 06:43:05,INSERT,2,false,"insert,85036,246,11"
2026-07-27 06:43:05,INSERT,2,false,"insert,85037,31,1.8"
2026-07-27 06:43:05,INSERT,2,false,"insert,85038,72,63"
2026-07-27 06:43:05,INSERT,1,false,"insert,85039,6,55"
2026-07-27 06:43:05,INSERT,3,false,"insert,85040,200,20"
2026-07-27 06:43:05,INSERT,2,false,"insert,85041,282,62"
2026-07-27 06:43:05,INSERT,2,false,"insert,85042,25,62"
2026-07-27 06:43:05,INSERT,2,false,"insert,85043,2,42"
2026-07-27 06:43:05,INSERT,2,false,"insert,85044,39,65"
2026-07-27 06:43:05,INSERT,2,false,"insert,85045,32,29"
2026-07-27 06:43:05,INSERT,3,false,"insert,85046,40,20"
2026-07-27 06:43:05,INSERT,2,false,"insert,85047,59,33"
2026-07-27 06:43:05,INSERT,2,false,"insert,85048,202,30"
2026-07-27 06:43:05,INSERT,2,false,"insert,85049,163,35"
2026-07-27 06:43:05,INSERT,2,false,"insert,85050,187,"
2026-07-27 06:43:05,INSERT,2,false,"insert,85051,254,50"
2026-07-27 06:43:05,INSERT,3,false,"insert,85052,143,16"
2026-07-27 06:43:05,INSERT,2,false,"insert,85053,260,3"
2026-07-27 06:43:05,INSERT,2,false,"insert,85054,41,22"
2026-07-27 06:43:05,INSERT,1,false,"insert,85055,61,7"
2026-07-27 06:43:05,INSERT,3,false,"insert,85056,244,50"
2026-07-27 06:43:05,INSERT,2,false,"insert,85057,60,17"
2026-07-27 06:43:05,INSERT,2,false,"insert,85058,65,40"
2026-07-27 06:43:05,INSERT,2,false,"insert,85059,173,21"
2026-07-27 06:43:05,INSERT,2,false,"insert,85060,137,9"
2026-07-27 06:43:05,INSERT,3,false,"insert,85061,69,27"
2026-07-27 06:43:05,INSERT,2,false,"insert,85062,106,52"
2026-07-27 06:43:05,INSERT,2,false,"insert,85063,66,50"
2026-07-27 06:43:05,INSERT,2,false,"insert,85064,101,25"
2026-07-27 06:43:05,INSERT,2,false,"insert,85065,283,10"
2026-07-27 06:43:05,INSERT,1,false,"insert,85066,89,30"
2026-07-27 06:43:05,INSERT,3,false,"insert,85067,124,32"
2026-07-27 06:43:05,INSERT,2,false,"insert,85068,17,38"
2026-07-27 06:43:05,INSERT,2,false,"insert,85069,33,30"
2026-07-27 06:43:05,INSERT,3,false,"insert,85070,198,50"
2026-07-27 06:43:05,INSERT,2,false,"insert,85071,170,26"
2026-07-27 06:43:05,INSERT,2,false,"insert,85072,274,35"
2026-07-27 06:43:05,INSERT,2,false,"insert,85073,20,3"
2026-07-27 06:43:05,INSERT,2,false,"insert,85074,210,50"
2026-07-27 06:43:05,INSERT,2,false,"insert,85075,151,60"
2026-07-27 06:43:05,INSERT,3,false,"insert,85076,133,40"
2026-07-27 06:43:05,INSERT,2,false,"insert,85077,261,34"
2026-07-27 06:43:05,INSERT,2,false,"insert,85078,97,4"
2026-07-27 06:43:05,INSERT,3,false,"insert,85079,161,42"
2026-07-27 06:43:05,INSERT,1,false,"insert,85080,36,"
2026-07-27 06:43:05,INSERT,2,false,"insert,85081,185,54"
2026-07-27 06:43:05,INSERT,2,false,"insert,85082,257,18"
2026-07-27 06:43:05,INSERT,2,false,"insert,85083,212,45"
2026-07-27 06:43:05,INSERT,2,false,"insert,85084,245,30"
2026-07-27 06:43:05,INSERT,3,false,"insert,85085,67,35"
2026-07-27 06:43:05,INSERT,2,false,"insert,85086,228,35"
2026-07-27 06:43:05,INSERT,2,false,"insert,85087,34,16"
2026-07-27 06:43:05,INSERT,3,false,"insert,85088,181,26"
2026-07-27 06:43:05,INSERT,2,false,"insert,85089,238,23"
2026-07-27 06:43:05,INSERT,2,false,"insert,85090,79,45"
2026-07-27 06:43:05,INSERT,2,false,"insert,85091,30,45"
2026-07-27 06:43:05,INSERT,3,false,"insert,85092,42,45"
2026-07-27 06:43:05,INSERT,2,false,"insert,85093,13,38"
2026-07-27 06:43:05,INSERT,2,false,"insert,85094,80,45"
2026-07-27 06:43:05,INSERT,2,false,"insert,85095,107,35"
2026-07-27 06:43:05,INSERT,2,false,"insert,85096,266,30"
2026-07-27 06:43:05,INSERT,2,false,"insert,85097,142,60"
2026-07-27 06:43:05,INSERT,2,false,"insert,85098,233,5"
2026-07-27 06:43:05,INSERT,3,false,"insert,85099,203,18"
2026-07-27 06:43:05,INSERT,2,false,"insert,85100,93,2"
2026-07-27 06:43:05,INSERT,2,false,"insert,85101,160,70"
2026-07-27 06:43:05,INSERT,3,false,"insert,85102,123,35"
2026-07-27 06:43:05,INSERT,2,false,"insert,85103,204,3"
2026-07-27 06:43:05,INSERT,2,false,"insert,85104,271,30"
2026-07-27 06:43:05,INSERT,3,false,"insert,85105,82,80"
2026-07-27 06:43:05,INSERT,2,false,"insert,85106,263,62"
2026-07-27 06:43:05,INSERT,2,false,"insert,85107,1,20"
2026-07-27 06:43:05,INSERT,3,false,"insert,85108,68,45"
2026-07-27 06:43:05,INSERT,1,false,"insert,85109,155,18"
2026-07-27 06:43:05,INSERT,3,false,"insert,85110,62,28"
2026-07-27 06:43:05,INSERT,2,false,"insert,85111,120,48"
2026-07-27 06:43:05,INSERT,2,false,"insert,85112,98,38"
2026-07-27 06:43:05,INSERT,3,false,"insert,85113,63,39"
2026-07-27 06:43:05,INSERT,2,false,"insert,85114,26,26"
2026-07-27 06:43:05,INSERT,2,false,"insert,85115,138,60"
2026-07-27 06:43:05,INSERT,2,false,"insert,85116,19,35"
2026-07-27 06:43:05,INSERT,3,false,"insert,85117,184,20"
2026-07-27 06:43:05,INSERT,2,false,"insert,85118,114,50"
2026-07-27 06:43:05,INSERT,2,false,"insert,85119,50,11"
2026-07-27 06:43:05,INSERT,3,false,"insert,85120,172,36"
2026-07-27 06:43:05,INSERT,2,false,"insert,85121,71,29"
2026-07-27 06:43:05,INSERT,2,false,"insert,85122,168,57"
2026-07-27 06:43:05,INSERT,3,false,"insert,85123,73,35"
2026-07-27 06:43:05,INSERT,2,false,"insert,85124,190,26"
2026-07-27 06:43:05,INSERT,2,false,"insert,85125,214,6"
2026-07-27 06:43:05,INSERT,2,false,"insert,85126,28,45"
2026-07-27 06:43:05,INSERT,3,false,"insert,85127,12,27"
2026-07-27 06:43:05,INSERT,2,false,"insert,85128,110,6"
2026-07-27 06:43:05,INSERT,3,false,"insert,85129,209,40"
2026-07-27 06:43:05,INSERT,2,false,"insert,85130,35,29"
2026-07-27 06:43:10,INSERT,10,false,"insert,90850,92,6"
2026-07-27 06:43:10,INSERT,6,false,"insert,90851,51,46"
2026-07-27 06:43:10,INSERT,6,false,"insert,90852,230,"
2026-07-27 06:43:10,INSERT,5,false,"insert,90853,139,25"
2026-07-27 06:43:10,INSERT,3,false,"insert,90854,8,8"
2026-07-27 06:43:10,INSERT,3,false,"insert,90855,215,49"
2026-07-27 06:43:10,INSERT,3,false,"insert,90856,189,13"
2026-07-27 06:43:10,INSERT,2,false,"insert,90857,115,50"
2026-07-27 06:43:10,INSERT,3,false,"insert,90858,218,35"
2026-07-27 06:43:10,INSERT,2,false,"insert,90859,159,38"
2026-07-27 06:43:10,INSERT,2,false,"insert,90860,119,60"
2026-07-27 06:43:10,INSERT,3,false,"insert,90861,248,18"
2026-07-27 06:43:10,INSERT,4,false,"insert,90862,109,10"
2026-07-27 06:43:10,INSERT,3,false,"insert,90863,176,14"
2026-07-27 06:43:10,INSERT,3,false,"insert,90864,7,50"
2026-07-27 06:43:10,INSERT,3,false,"insert,90865,112,35"
2026-07-27 06:43:10,INSERT,3,false,"insert,90866,27,43"
2026-07-27 06:43:10,INSERT,3,false,"insert,90867,241,17"
2026-07-27 06:43:10,INSERT,3,false,"insert,90868,255,3"
2026-07-27 06:43:10,INSERT,3,false,"insert,90869,136,60"
2026-07-27 06:43:10,INSERT,3,false,"insert,90870,86,38"
2026-07-27 06:43:10,INSERT,3,false,"insert,90871,45,41"
2026-07-27 06:43:10,INSERT,4,false,"insert,90872,243,49"
2026-07-27 06:43:10,INSERT,2,false,"insert,90873,270,12"
2026-07-27 06:43:10,INSERT,3,false,"insert,90874,269,74"
2026-07-27 06:43:10,INSERT,3,false,"insert,90875,222,21"
2026-07-27 06:43:10,INSERT,2,false,"insert,90876,158,27"
2026-07-27 06:43:10,INSERT,3,false,"insert,90877,129,41"
2026-07-27 06:43:10,INSERT,3,false,"insert,90878,205,42"
2026-07-27 06:43:10,INSERT,3,false,"insert,90879,182,60"
2026-07-27 06:43:10,INSERT,2,false,"insert,90880,277,30"
2026-07-27 06:43:10,INSERT,3,false,"insert,90881,130,50"
2026-07-27 06:43:10,INSERT,3,false,"insert,90882,224,50"
2026-07-27 06:43:10,INSERT,2,false,"insert,90883,175,22"
2026-07-27 06:43:10,INSERT,3,false,"insert,90884,100,40"
2026-07-27 06:43:10,INSERT,2,false,"insert,90885,44,35"
2026-07-27 06:43:10,INSERT,3,false,"insert,90886,5,19"
2026-07-27 06:43:10,INSERT,2,false,"insert,90887,280,3"
2026-07-27 06:43:10,INSERT,2,false,"insert,90888,166,34"
2026-07-27 06:43:10,INSERT,3,false,"insert,90889,278,21"
2026-07-27 06:43:10,INSERT,2,false,"insert,90890,84,73"
2026-07-27 06:43:10,INSERT,3,false,"insert,90891,285,65"
2026-07-27 06:43:10,INSERT,2,false,"insert,90892,156,30"
2026-07-27 06:43:10,INSERT,3,false,"insert,90893,140,70"
2026-07-27 06:43:10,INSERT,2,false,"insert,90894,99,12"
2026-07-27 06:43:10,INSERT,2,false,"insert,90895,4,15"
2026-07-27 06:43:10,INSERT,2,false,"insert,90896,47,42"
2026-07-27 06:43:11,INSERT,3,false,"insert,90897,128,60"
2026-07-27 06:43:11,INSERT,2,false,"insert,90898,154,14"
2026-07-27 06:43:11,INSERT,3,false,"insert,90899,77,40"
2026-07-27 06:43:11,INSERT,3,false,"insert,90900,131,33"
2026-07-27 06:43:11,INSERT,3,false,"insert,90901,15,43"
2026-07-27 06:43:11,INSERT,2,false,"insert,90902,125,45"
2026-07-27 06:43:11,INSERT,2,false,"insert,90903,226,14"
2026-07-27 06:43:11,INSERT,2,false,"insert,90904,247,14"
2026-07-27 06:43:11,INSERT,3,false,"insert,90905,179,40"
2026-07-27 06:43:11,INSERT,3,false,"insert,90906,116,35"
2026-07-27 06:43:11,INSERT,2,false,"insert,90907,132,30"
2026-07-27 06:43:11,INSERT,2,false,"insert,90908,192,17"
2026-07-27 06:43:11,INSERT,3,false,"insert,90909,237,39"
2026-07-27 06:43:11,INSERT,2,false,"insert,90910,85,20"
2026-07-27 06:43:11,INSERT,3,false,"insert,90911,213,8"
2026-07-27 06:43:11,INSERT,2,false,"insert,90912,46,40"
2026-07-27 06:43:11,INSERT,3,false,"insert,90913,55,42"
2026-07-27 06:43:11,INSERT,2,false,"insert,90914,208,53"
2026-07-27 06:43:11,INSERT,3,false,"insert,90915,127,18"
2026-07-27 06:43:11,INSERT,2,false,"insert,90916,216,40"
2026-07-27 06:43:11,INSERT,3,false,"insert,90917,21,20"
2026-07-27 06:43:11,INSERT,2,false,"insert,90918,3,45"
2026-07-27 06:43:11,INSERT,2,false,"insert,90919,90,40"
2026-07-27 06:43:11,INSERT,3,false,"insert,90920,87,60"
2026-07-27 06:43:11,INSERT,2,false,"insert,90921,49,44"
2026-07-27 06:43:11,INSERT,2,false,"insert,90922,150,33"
2026-07-27 06:43:11,INSERT,3,false,"insert,90923,239,23"
2026-07-27 06:43:11,INSERT,2,false,"insert,90924,217,45"
2026-07-27 06:43:11,INSERT,2,false,"insert,90925,262,7"
2026-07-27 06:43:11,INSERT,3,false,"insert,90926,56,"
2026-07-27 06:43:11,INSERT,2,false,"insert,90927,240,35"
2026-07-27 06:43:11,INSERT,3,false,"insert,90928,164,36"
2026-07-27 06:43:11,INSERT,2,false,"insert,90929,58,42"
2026-07-27 06:43:11,INSERT,3,false,"insert,90930,52,35"
2026-07-27 06:43:11,INSERT,2,false,"insert,90931,193,25"
2026-07-27 06:43:11,INSERT,2,false,"insert,90932,111,30"
2026-07-27 06:43:11,INSERT,1,false,"insert,90933,265,30"
2026-07-27 06:43:11,INSERT,2,false,"insert,90934,225,28"
2026-07-27 06:43:11,INSERT,2,false,"insert,90935,121,14"
2026-07-27 06:43:11,INSERT,2,false,"insert,90936,91,20"
2026-07-27 06:43:11,INSERT,3,false,"insert,90937,122,60"
2026-07-27 06:43:11,INSERT,2,false,"insert,90938,250,67"
2026-07-27 06:43:11,INSERT,3,false,"insert,90939,229,35"
2026-07-27 06:43:11,INSERT,2,false,"insert,90940,11,50"
2026-07-27 06:43:11,INSERT,2,false,"insert,90941,134,4"
2026-07-27 06:43:11,INSERT,1,false,"insert,90942,48,28"
2026-07-27 06:43:11,INSERT,2,false,"insert,90943,251,38"
2026-07-27 06:43:11,INSERT,2,false,"insert,90944,57,30"
2026-07-27 06:43:11,INSERT,2,false,"insert,90945,194,26"
2026-07-27 06:43:11,INSERT,3,false,"insert,90946,54,37"
2026-07-27 06:43:11,INSERT,2,false,"insert,90947,104,30"
2026-07-27 06:43:11,INSERT,3,false,"insert,90948,195,3"
2026-07-27 06:43:11,INSERT,2,false,"insert,90949,279,56"
2026-07-27 06:43:11,INSERT,2,false,"insert,90950,201,32"
2026-07-27 06:43:11,INSERT,2,false,"insert,90951,81,35"
2026-07-27 06:43:11,INSERT,3,false,"insert,90952,9,54"
2026-07-27 06:43:11,INSERT,2,false,"insert,90953,186,42"
2026-07-27 06:43:11,INSERT,2,false,"insert,90954,146,48"
2026-07-27 06:43:11,INSERT,3,false,"insert,90955,246,11"
2026-07-27 06:43:11,INSERT,2,false,"insert,90956,31,1.8"
2026-07-27 06:43:11,INSERT,2,false,"insert,90957,72,63"
2026-07-27 06:43:11,INSERT,3,false,"insert,90958,6,55"
2026-07-27 06:43:11,INSERT,2,false,"insert,90959,200,20"
2026-07-27 06:43:11,INSERT,2,false,"insert,90960,282,62"
2026-07-27 06:43:11,INSERT,3,false,"insert,90961,25,62"
2026-07-27 06:43:11,INSERT,2,false,"insert,90962,2,42"
2026-07-27 06:43:11,INSERT,2,false,"insert,90963,39,65"
2026-07-27 06:43:11,INSERT,2,false,"insert,90964,32,29"
2026-07-27 06:43:11,INSERT,3,false,"insert,90965,40,20"
2026-07-27 06:43:11,INSERT,2,false,"insert,90966,59,33"
2026-07-27 06:43:11,INSERT,2,false,"insert,90967,202,30"
2026-07-27 06:43:11,INSERT,3,false,"insert,90968,163,35"
2026-07-27 06:43:11,INSERT,2,false,"insert,90969,187,"
2026-07-27 06:43:11,INSERT,2,false,"insert,90970,254,50"
2026-07-27 06:43:11,INSERT,2,false,"insert,90971,143,16"
2026-07-27 06:43:11,INSERT,3,false,"insert,90972,260,3"
2026-07-27 06:43:11,INSERT,2,false,"insert,90973,41,22"
2026-07-27 06:43:11,INSERT,3,false,"insert,90974,61,7"
2026-07-27 06:43:11,INSERT,2,false,"insert,90975,244,50"
2026-07-27 06:43:11,INSERT,2,false,"insert,90976,60,17"
2026-07-27 06:43:11,INSERT,2,false,"insert,90977,65,40"
2026-07-27 06:43:11,INSERT,2,false,"insert,90978,173,21"
2026-07-27 06:43:11,INSERT,2,false,"insert,90979,137,9"
2026-07-27 06:43:11,INSERT,2,false,"insert,90980,69,27"
2026-07-27 06:43:11,INSERT,2,false,"insert,90981,106,52"
2026-07-27 06:43:11,INSERT,3,false,"insert,90982,66,50"
2026-07-27 06:43:11,INSERT,2,false,"insert,90983,101,25"
2026-07-27 06:43:11,INSERT,2,false,"insert,90984,283,10"
2026-07-27 06:43:11,INSERT,3,false,"insert,90985,89,30"
2026-07-27 06:43:11,INSERT,2,false,"insert,90986,124,32"
2026-07-27 06:43:11,INSERT,2,false,"insert,90987,17,38"
2026-07-27 06:43:11,INSERT,3,false,"insert,90988,33,30"
2026-07-27 06:43:11,INSERT,2,false,"insert,90989,198,50"
2026-07-27 06:43:11,INSERT,3,false,"insert,90990,170,26"
2026-07-27 06:43:11,INSERT,2,false,"insert,90991,274,35"
2026-07-27 06:43:11,INSERT,3,false,"insert,90992,20,3"
2026-07-27 06:43:11,INSERT,2,false,"insert,90993,210,50"
2026-07-27 06:43:11,INSERT,3,false,"insert,90994,151,60"
2026-07-27 06:43:11,INSERT,2,false,"insert,90995,133,40"
2026-07-27 06:43:11,INSERT,3,false,"insert,90996,261,34"
2026-07-27 06:43:11,INSERT,2,false,"insert,90997,97,4"
2026-07-27 06:43:11,INSERT,3,false,"insert,90998,161,42"
2026-07-27 06:43:11,INSERT,2,false,"insert,90999,36,"
2026-07-27 06:43:11,INSERT,3,false,"insert,91000,185,54"
2026-07-27 06:43:11,INSERT,2,false,"insert,91001,257,18"
2026-07-27 06:43:11,INSERT,2,false,"insert,91002,212,45"
2026-07-27 06:43:11,INSERT,3,false,"insert,91003,245,30"
2026-07-27 06:43:11,INSERT,2,false,"insert,91004,67,35"
2026-07-27 06:43:11,INSERT,3,false,"insert,91005,228,35"
2026-07-27 06:43:11,INSERT,2,false,"insert,91006,34,16"
2026-07-27 06:43:11,INSERT,2,false,"insert,91007,181,26"
2026-07-27 06:43:11,INSERT,3,false,"insert,91008,238,23"
2026-07-27 06:43:11,INSERT,2,false,"insert,91009,79,45"
2026-07-27 06:43:11,INSERT,3,false,"insert,91010,30,45"
2026-07-27 06:43:11,INSERT,2,false,"insert,91011,42,45"
2026-07-27 06:43:11,INSERT,2,false,"insert,91012,13,38"
2026-07-27 06:43:11,INSERT,3,false,"insert,91013,80,45"
2026-07-27 06:43:11,INSERT,2,false,"insert,91014,107,35"
2026-07-27 06:43:11,INSERT,3,false,"insert,91015,266,30"
2026-07-27 06:43:11,INSERT,2,false,"insert,91016,142,60"
2026-07-27 06:43:11,INSERT,2,false,"insert,91017,233,5"
2026-07-27 06:43:11,INSERT,3,false,"insert,91018,203,18"
2026-07-27 06:43:11,INSERT,2,false,"insert,91019,93,2"
2026-07-27 06:43:11,INSERT,2,false,"insert,91020,160,70"
2026-07-27 06:43:11,INSERT,2,false,"insert,91021,123,35"
2026-07-27 06:43:11,INSERT,2,false,"insert,91022,204,3"
2026-07-27 06:43:11,INSERT,3,false,"insert,91023,271,30"
2026-07-27 06:43:11,INSERT,3,false,"insert,91024,82,80"
2026-07-27 06:43:11,INSERT,2,false,"insert,91025,263,62"
2026-07-27 06:43:11,INSERT,2,false,"insert,91026,1,20"
2026-07-27 06:43:11,INSERT,3,false,"insert,91027,68,45"
2026-07-27 06:43:11,INSERT,2,false,"insert,91028,155,18"
2026-07-27 06:43:11,INSERT,2,false,"insert,91029,62,28"
2026-07-27 06:43:11,INSERT,3,false,"insert,91030,120,48"
2026-07-27 06:43:11,INSERT,2,false,"insert,91031,98,38"
2026-07-27 06:43:11,INSERT,2,false,"insert,91032,63,39"
2026-07-27 06:43:11,INSERT,3,false,"insert,91033,26,26"
2026-07-27 06:43:11,INSERT,3,false,"insert,91034,138,60"
2026-07-27 06:43:11,INSERT,2,false,"insert,91035,19,35"
2026-07-27 06:43:11,INSERT,3,false,"insert,91036,184,20"
2026-07-27 06:43:11,INSERT,2,false,"insert,91037,114,50"
2026-07-27 06:43:11,INSERT,3,false,"insert,91038,50,11"
2026-07-27 06:43:11,INSERT,3,false,"insert,91039,172,36"
2026-07-27 06:43:11,INSERT,2,false,"insert,91040,71,29"
2026-07-27 06:43:11,INSERT,3,false,"insert,91041,168,57"
2026-07-27 06:43:11,INSERT,2,false,"insert,91042,73,35"
2026-07-27 06:43:11,INSERT,2,false,"insert,91043,190,26"
2026-07-27 06:43:11,INSERT,3,false,"insert,91044,214,6"
2026-07-27 06:43:11,INSERT,2,false,"insert,91045,28,45"
2026-07-27 06:43:11,INSERT,3,false,"insert,91046,12,27"
2026-07-27 06:43:11,INSERT,3,false,"insert,91047,110,6"
2026-07-27 06:43:11,INSERT,2,false,"insert,91048,209,40"
2026-07-27 06:43:11,INSERT,2,false,"insert,91049,35,29"
2026-07-27 07:02:18,ALL,5,false,"all"
2026-07-27 07:02:52,ALL,9,false,"all"
2026-07-27 07:02:54,ALL,11,false,"all"
2026-07-27 07:05:59,ALL,5,false,"all"
2026-07-27 07:16:13,ALL,11,false,"all"
2026-07-27 07:21:13,ALL,8,false,"all"
2026-07-27 07:27:22,ALL,4,false,"all"
2026-07-27 07:28:07,ALL,12,false,"all"
